분류번호,도서명,저자,가격,구입일,예약인원,대여유무
7304,불편한 편의점2,김호연,12000원,2015년 3월,0,y
7305,흔한남매,백난도,14000원,2019년 12월,0,y
7306,역행자,자청,22000원,2022년 3월,0,y
7307,삶의격,파스칼,18000원,2015년 5월,0,y
7308,튜브,손원평,9000원,2021년 1월,0,y
7309,자유,조너선,15000원,2011년 3월,0,y
7310,저주토끼,정보라,7000원,2014년 12월,0,y
7311,인간실격,다자이오사무,12600원,2020년 10월,0,y
7312,아노말리,에르베르텔리에,21600원,2020년 9월,0,y
7313,류,히가시야마아키라,11700원,2019년 11월,0,y
7314,비올레트,발레리페랭,14250원,2003년 2월,0,y
7315,모비딕,허먼멘빌,12800원,2005년 3월,0,y
7316,데미안,헤르만헤세,11850원,2009년 11월,0,y
7317,베이비토크,샐리워드,19800원,2013년 10월,0,y
7318,하얼빈,김훈,10000원,2015년 8월,0,y
7319,미키7,에드워드애슈턴,16000원,2022년 1월,0,y
7320,유럽도시기행2,유시민,15000원,2021년 5월,0,y
7321,하쿠다사진관,허태연,31000원,2019년5월,0,y
7322,해커스 토익,데이비드초,24400원,2022년 2월,0,y
7323,악어의눈물,키스포크너,9000원,2011년 3월,0,y
7324,출생의 비밀,홍성식,4500원,2015년 7월,0,y
7325,묘사하는마음,김혜리,9000원,2021년 6월,0,y
7326,작별인사,김영하,8800원,2021년 9월,0,y
7327,미움받을용기,기시미이치로,6400원,2018년 1월,0,y
7328,5가지사랑의언어,게리채프먼,13400원,2017년 5월,0,y
7329,밥상머리교육,김정진,8500원,2018년 5월,0,y
7330,몰입,황농문,15500원,2020년 12월,0,y
7301,야쿠자의 덕질1,야츠다테키,13500원,2021년 3월,0,y
7302,헤어질 결심 각본,박찬욱,9800원,2022년 4월,0,y
7303,계속 가보겠습니다,임은정,7500원,2015년 3월,0,y
